,coilable,sigma_crit,energy
0,1,0.0004942041095703192,0.00027952999648293267
1,0,,
2,2,23.052001957430125,14.285320061547942
3,0,0.6937754955307428,
4,1,2.887961935368296,
5,0,36.69985663744633,
6,2,24.303596429904786,
7,1,0.06897520585693798,
8,0,0.4395986852152623,
9,0,,
10,2,79.31136448109802,39.97116596657696
11,2,3.090661670890134,1.9864267303773644
12,2,1.0773007111958686,0.648854850318014
13,0,46.26443209749687,
14,2,6.818070438102323,4.208751100528502
15,0,0.012238480363157963,
16,1,0.0360976143327866,0.022456918567691806
17,0,8.632182141440982,
18,2,34.723788864017365,21.049810054658106
19,0,2.1423528579713844,
20,2,7.9252795462040195,4.554034999079164
21,2,66.05566758086023,
22,2,28.644070037906957,
23,1,0.2771205869116081,
24,1,0.14946559015646074,0.08382324467153522
25,2,11.663383525591984,7.416238871551037
26,2,88.44303849593861,53.15691401510934
27,0,2.4085872467755074,
28,2,0.6597545348954194,0.4097573095258641
29,0,37.37849331479017,
30,2,7.223215261237052,4.139339478452614
31,0,0.005764617503579344,
32,1,0.010930519576037872,
33,0,,
34,2,58.78419654087773,31.403340898448523
35,1,1.0613979492821264,
36,2,2.4698300688772687,1.5363111841619548
37,2,70.72081727276988,41.87421261883395
38,2,16.600497184257048,9.971568961621154
39,0,0.16841139458211998,
40,2,0.39601569559897765,0.2334657281283162
41,2,38.03421168032879,22.470013306947695
42,2,52.17353682461276,33.37251499875964
43,0,,
44,0,3.189083087698162,
45,0,36.407011542157235,
46,2,16.24780983036541,9.528230536199173
47,1,0.03860080327773593,
48,1,0.035495372028126866,
49,0,,
50,2,45.93466305541046,
51,0,0.8470735367168564,
52,2,4.398278683333146,2.7788833416579273
53,0,59.63090083812661,
54,2,16.86915072819617,10.134589471835282
55,1,0.40038290723741926,
56,1,0.08327368594431384,
57,0,14.360868825067902,
58,2,54.82314831720663,31.971816767416325
59,0,2.669728677400689,
60,2,0.7962076169046867,0.4437153210937642
61,2,22.005399051657818,13.662556142769372
62,2,12.555160502724494,7.418872597659685
63,1,0.0017700321502999287,
64,1,0.004780250546753695,0.0028424594467486544
65,0,6.170500805650019,
66,2,35.364228355019144,19.52835613774125
67,1,0.5589521601387364,
68,2,2.666927550402272,1.3210888964430947
69,0,71.25685112110337,
70,2,12.8291616527515,8.15073575186147
71,0,0.1380064342538443,
72,1,0.2551826695558213,0.15398445629910693
73,2,28.001084067815697,16.116445057235627
74,2,66.67828171823574,
75,0,3.8422549741473,
76,1,1.7070322576264325,1.0735699779334993
77,2,28.062199565962988,17.132804248674933
78,2,15.481319624434844,8.365741802860086
79,1,0.023492542839908488,0.014560773976681003
80,1,0.07672286848665144,0.04342446059465097
81,2,10.429869054652558,6.5710243270505995
82,0,83.83263810445257,
83,0,1.9829432669705425,
84,2,4.134590773618494,2.6132246690404117
85,0,63.98792656021034,
86,2,22.988339980193363,14.240821233271578
87,0,0.6179031510599745,
88,1,0.19079494577856412,0.11716087102742279
89,0,,
90,2,45.07649960225896,25.78014940737148
91,2,4.504848833227479,2.7059895257647955
92,0,2.368989496934244,
93,2,37.844498988163245,22.694133820573274
94,2,13.319358877474537,8.002645142882802
95,0,0.007716748373567295,
96,1,0.005461140858091717,0.0032045520280371558
97,0,10.053117473365424,
98,2,25.457151457434843,16.301501841708408
99,0,0.9338320792951104,
100,1,4.977857324096592,
101,2,49.47808870840843,29.6244622956629
102,2,17.55033388462948,9.211073238419145
103,0,,
104,2,0.5133956492281123,0.3192470363919336
105,0,15.836553457415953,
106,2,124.74182467679336,
107,2,4.821121536139693,2.9534960907452525
108,2,1.4568406870859731,0.8677865211563299
109,1,62.13790950171014,
110,2,12.700437134778774,8.194952548312758
111,0,0.03705763694951691,
112,1,0.01305579829171436,0.008083386659990378
113,0,10.491621172572213,
114,2,35.38587342727965,20.202591358969944
115,0,1.772731418134767,
116,2,6.088376855014602,3.61272065338515
117,2,54.527756742828075,33.751033937361164
118,0,26.971033276124956,
119,0,0.21777489173150222,
120,1,0.14532756163607147,0.07910739089510016
121,2,14.840880133433057,9.272127050058952
122,2,68.72437766662514,
123,1,1.922209740686675,
124,0,,
125,0,26.233827579723293,
126,2,4.682975045535929,2.6559042157804287
127,1,0.0013997231611091536,
128,1,0.0013330181413604787,0.0008434945691529312
129,0,7.022425385032316,
130,2,20.41766933937307,12.39081474525279
131,2,0.7746262066214257,0.47128576823878515
132,1,4.941569997071641,
133,2,51.04799306706688,30.442292087979773
134,2,20.281432708086403,12.192195960364497
135,0,0.0628318250535908,
136,1,0.3483074098577511,0.17976143682137563
137,2,17.519776135555837,11.195008777102496
138,0,118.9753227786878,
139,0,,
140,1,1.018107804761131,0.655599185333064
141,0,37.9552708285552,
142,2,9.465772071379092,5.347936920484688
143,0,0.025201230308943074,
144,1,0.03683736650827773,0.021597965379810794
145,2,16.745646492356858,9.733442999258813
146,2,46.26825181613108,
147,0,1.5036959023322272,
148,2,6.434825335137039,3.9016834452373512
149,2,53.929334156802554,32.9838212544535
150,2,36.73168762606471,19.74715558310091
151,1,0.4044572737805718,
152,2,0.25746176834089723,0.1517234554059224
153,0,12.315154848541914,
154,2,63.961188529770894,38.00232846995636
155,1,2.265347797992802,
156,2,0.9203612049118124,0.5351287725613553
157,0,43.19210507605092,
158,2,6.388606739663152,4.000274634837367
159,0,0.006887678444012993,
160,1,0.024146987965902363,
161,2,10.145936636176618,6.231703804462131
162,2,54.652534218212125,
163,1,0.9767529843481327,
164,2,3.574238049980549,2.2166194810924975
165,0,52.75031433837779,
166,2,14.596418140843905,8.503407269225722
167,1,0.27193850196453606,
168,2,0.3921577797784301,0.22270098725822884
169,2,30.80348430577779,17.867096897153296
170,2,67.93496914888932,39.30072682120764
171,2,9.850417737843586,5.786185408294973
172,2,2.851419960434397,1.422747263533336
173,2,38.01765956624722,23.922828266298318
174,0,23.143675204651057,
175,0,0.0618794418741289,
176,1,0.03477089872717256,
177,0,,
178,2,63.439160316429486,36.36207459883788
179,2,1.397125752437894,0.8659946932652779
180,2,3.682590735237511,2.2682683950199656
181,2,92.8026106971118,
182,2,22.426841340965154,13.564183033350986
183,0,0.3566980584575558,
184,1,0.13082536322153795,0.07901709932861903
185,0,16.209612644023355,
186,2,44.63341224069113,
187,0,2.5359112012490237,
188,2,1.4225905433325974,0.8480867929583035
189,1,28.6962728592411,
190,2,8.683366371139336,4.603325999228157
191,1,0.0024960715358942603,
192,1,0.002797625589669336,0.0015486539399990169
193,0,,
194,2,52.43964388946242,30.930896516604044
195,0,0.581055598635339,
196,2,2.216964695292865,1.3567147615459787
197,0,57.15317668407198,
198,2,15.814908385155455,8.600591301580636
199,0,,
200,2,0.31433737880421697,0.1968155015403193
201,0,,
202,2,52.85344674150134,32.23864866001579
203,1,5.937752616872431,
204,1,1.9383798829048118,1.0505425862749764
205,2,35.20761989101671,
206,2,12.197762162517332,7.6184775514336085
207,1,0.01729568597568245,
208,2,0.10313367636309291,0.06219603873212058
209,2,12.473163876043547,7.190909298253601
210,2,53.40348622482693,28.536468452717276
211,2,1.5334897076790301,0.9844421793638071
212,2,4.819593648686012,2.7400712171315633
213,0,104.16627363387313,
214,2,17.61908882004518,11.574109478667658
215,0,0.45023023541380086,
216,1,0.13777725113579195,0.08115809850982614
217,2,22.039776519365667,13.262900859092543
218,2,54.07066374626816,33.40893539097657
219,0,3.4849839578946136,
220,2,1.4887989996588258,0.8789800031777046
221,0,23.142401965106316,
222,1,18.246795915599616,
223,1,0.009200619936187997,
224,1,0.003818190746751806,
225,0,7.066988769098047,
226,2,32.369568945802044,19.68336794167108
227,0,0.9474302776328818,
228,2,3.3920374711289467,1.94241830347244
229,2,39.97080902787096,25.42227379671353
230,2,28.099123512760308,16.814410082589482
231,0,,
232,1,0.6914454671638776,
233,1,22.53633994181238,
234,2,91.21488098482705,
235,0,3.6586538317964896,
236,1,1.8684790318988513,1.1644297501891914
237,0,38.568972289117546,
238,2,9.715454346101659,5.937263544111046
239,1,0.05577935121530274,
240,1,0.013647854680016207,0.007990238460632276
241,0,14.672812513528013,
242,2,27.303348797300828,17.095903544970632
243,0,1.4143144862918187,
244,0,5.965127267084237,
245,0,55.14145820339043,
246,2,28.07111224277613,16.321551924045753
247,1,0.20199945377223355,
248,1,0.10288284817278008,
249,2,10.977362058888678,6.5781772273725005
250,2,88.92686952293796,
251,2,2.287120194207773,1.406450387410842
252,2,0.42046189485789276,0.27247368672104805
253,2,30.867146283014552,17.656802407903296
254,2,5.515291735929304,3.4498924437619505
255,0,0.0007952794252765747,
256,1,0.0014637671102093325,
257,0,4.146304577430056,
258,1,57.006754136427446,
259,1,0.6282291237677766,
260,2,1.6922626789075048,1.017386082682565
261,2,57.999880981320864,35.056812551773675
262,2,12.843167287743587,7.879378857044072
263,0,0.0798142941012684,
264,1,0.23991652741444672,0.14182836910842844
265,0,24.39144995849151,
266,2,48.28124353635737,31.184399430069806
267,0,,
268,0,2.1689635644563494,
269,0,,
270,2,13.18439548573261,6.86479661335212
271,1,0.013720429334066113,
272,1,0.05698256258507747,0.029338495537978276
273,2,11.022816710635723,6.805728812297073
274,2,52.41163261947824,32.37833258070553
275,1,1.2932294055875047,
276,2,5.409740177670759,3.428143958254878
277,0,58.80074865495928,
278,2,19.495843908984813,11.727176914276072
279,2,0.5626827520048104,0.3248108797005552
280,1,0.11597175069265757,0.07421335934954831
281,0,18.411043816870453,
282,2,53.970077822234074,30.86762532354363
283,0,4.113709645084837,
284,1,1.0086476349437485,0.6079747064816617
285,2,22.66875685446484,14.197488248697079
286,2,12.589283322523395,7.514732869585384
287,0,0.0037974242097771754,
288,1,0.007130039591353332,0.004488703096317982
289,2,10.730862883027951,6.186764336576651
290,2,32.835574619175105,
291,0,0.8981177100652891,
292,2,5.246001572217818,3.154893403305909
293,0,49.93263522587888,29.578815411925213
294,2,38.81343428170669,
295,1,0.21151055317140524,
296,0,0.8452400717724378,
297,0,22.396283591891514,
298,2,100.69796911401454,60.46021568130898
299,0,,
300,2,1.758216487324786,0.9245269305651697
301,2,72.73380899299617,43.24176012703972
302,2,9.251485856000166,5.847990720542274
303,1,0.06439154349589139,0.03685533162614929
304,1,0.0249631345140776,0.015381117236068498
305,0,,
306,2,30.63541668587275,18.200353038672795
307,2,1.9553139688497891,1.1905772786263262
308,2,6.669738031140676,3.7625109032980224
309,2,58.323283825683596,36.53689720393616
310,2,24.517500673420294,
311,0,0.22249861044246969,
312,1,0.12458776269188042,0.0648902060969202
313,2,11.381870262251041,7.264523431712821
314,2,90.0396808850365,
315,2,2.469193449104901,1.43773805944588
316,0,,
317,0,27.52107275945054,
318,2,7.345955553349521,4.481711947223126
319,0,0.0027064107086845093,
320,1,0.0038988250071198835,0.0022110700984589175
321,0,8.37855282412974,
322,2,26.58396845452546,16.485144892543776
323,0,0.8614866083632584,
324,0,4.76993730644134,
325,0,42.02581765307351,
326,2,20.715607392841097,12.53300041283577
327,1,0.09840104497531231,
328,1,0.42863609273509246,0.26773031864179664
329,2,16.5406549256545,10.11040015125685
330,2,101.11686492423242,51.84802850443237
331,2,4.3688668498497645,2.6896904525328047
332,2,1.3022694063551246,0.8016221294468054
333,2,56.22371181641531,32.74588380072145
334,2,11.67700718872065,7.054320930302937
335,0,0.02675585579306471,
336,1,0.04810426323963918,0.03162812007827489
337,0,13.482333539200638,
338,2,41.46431901384531,26.08191461529141
339,0,3.1440104078145374,
340,2,6.88313297883829,3.6584401679554137
341,2,61.77758271055009,
342,1,52.64590869570951,
343,1,0.5543048358004531,
344,0,0.48365277346309893,
345,2,20.660858092417488,12.291832857420196
346,2,90.6444696687857,54.83584469658361
347,0,2.750324740582425,
348,2,1.0926814448962692,0.6677598932020905
349,0,,
350,2,6.886952697472496,3.9783259204724035
351,1,0.01552715624804531,
352,1,0.011752854068400527,0.00708423136670824
353,0,7.439156688024135,
354,2,37.62550178646879,21.798426536472704
355,1,0.7036049048160982,
356,2,3.3310492969361323,2.0040122490579377
357,0,60.533627675343844,
358,2,14.159696976999744,9.005016758438662
359,0,0.1487398436159617,
360,2,0.3738485951251385,0.22326308185849333
361,2,36.55343408980178,21.449471264394628
362,2,80.37197302186242,52.240545823136614
363,0,4.814755338416018,
364,2,2.395727527373682,1.4744983679971437
365,0,30.701625142198978,
366,1,21.95956242804735,
367,1,0.045200003838098274,0.027947529499720698
368,1,0.028128408022289216,0.015016433288292387
369,2,8.39421367052998,5.22562189360017
370,0,62.16337429260485,
371,0,1.2832981371385708,
372,2,3.126948997915086,1.8819830401070399
373,1,77.104840350072,
374,2,18.631314258109636,9.730943302324633
375,0,0.4677118143630147,
376,1,0.08231111684849406,
377,0,13.403392687427058,
378,2,35.45462836269534,22.54016657755031
379,2,2.828501648629164,1.6529148012407768
380,1,1.1726790854919797,0.6293434211069469
381,1,28.40852072213095,
382,2,8.90911174242088,5.555528616685932
383,1,0.0012942607296187402,
384,1,0.002526692946945141,
385,2,6.556165063750299,3.9845961557599585
386,2,38.01765956624722,23.262425074099287
387,0,0.47242280067853476,
388,2,2.1321669416135034,1.3406174096266845
389,0,56.22371181641531,
390,2,10.273005942741188,6.442670581942689
391,1,0.10037456626965183,0.05977014276506844
392,1,0.19958029863723675,0.13018844618380193
393,0,17.871190249902746,
394,2,59.925019172960425,37.223081643557116
395,0,4.846968298897817,
396,2,1.7970502934392087,1.0539568751319957
397,2,31.469388587674278,19.528585466442486
398,0,16.85387185365935,
399,0,0.018386852265520486,
400,1,0.055267508918319205,
401,0,,
402,2,72.5390033426517,38.370831415819524
403,1,1.7533781770547925,
404,2,4.45162742025755,2.7099430038620884
405,0,96.3727743805492,
406,2,26.785140302593618,
407,0,0.3194176045877103,
408,1,0.15126085791453733,0.08179188096063121
409,0,24.56715701566496,
410,2,45.75895599823701,28.430644102635757
411,0,3.932782305777971,
412,2,1.5823821061968604,0.9239899955188251
413,0,28.391968608049396,
414,2,9.335137694089266,5.664829073503724
415,0,,
416,1,0.010054696290400894,0.006370625420653766
417,0,8.1907499912813,
418,2,25.887506423555326,15.491688434964576
419,2,1.343140395741123,0.7947530349015068
420,1,6.7351825437400645,3.7321415827498914
421,2,63.635239206318694,
422,2,26.983765671572304,
423,1,0.17057590180816973,
424,1,0.6836023115683089,0.3896284468561713
425,2,20.23814256356541,12.505710527866224
426,0,120.35678768472546,
427,0,4.466778970839898,
428,2,1.4670266034438546,0.9204679748988731
429,0,46.73553072904888,
430,2,11.394729981652866,6.404206620155929
431,2,0.09270711773125666,0.053948945865000264
432,1,0.02263692586584646,0.013054645582721687
433,2,14.93509985974346,8.851842260341927
434,2,41.17656687673516,25.523497096785576
435,0,1.4564587152225528,
436,2,5.452393702419387,3.3412075988339685
437,0,42.4778176914545,
438,2,35.96265094104467,
439,0,,
440,1,0.21601782115976773,
441,2,15.095528042380089,9.015092085543
442,2,59.83589240482897,33.09132717770426
443,2,2.1028824320845945,1.3007327657569807
444,1,0.8271982674235405,0.48587157679714327
445,0,32.81265630736988,
446,2,6.160696861155558,3.921289808309128
447,0,0.0030107531570625554,
448,0,,
449,0,7.983084621534997,
450,2,29.32016023616133,16.65349550036045
451,0,0.9169743877228168,
452,2,3.107595756835112,1.770095051085119
453,2,38.06604266894716,24.09689157464788
454,2,26.460464218686152,15.570008015773706
455,0,0.08432028885008615,
456,1,0.44602854491617483,0.2569262132093327
457,2,18.71662130760689,11.585697754310415
458,2,75.50565148188463,
459,0,3.0729636412183154,
460,2,1.420808007969968,0.8909583430815149
461,0,,
462,2,8.152552804939248,4.815197749917627
463,1,0.029068058806303768,
464,1,0.04644905183148347,0.027986020953666417
465,0,,
466,2,32.45105627666509,20.39443447661459
467,0,1.7368260629732355,
468,0,10.573108503435263,
469,0,75.92709377119196,
470,2,32.067811173699816,16.949688126547933
471,2,0.38017659566247225,0.23976429738393212
472,1,0.277222446075187,
473,0,,
474,0,128.45713766833055,
475,2,3.7345389086627057,2.2542317564702037
476,2,0.7732893050994537,0.4856780457415841
477,1,43.47094453634793,
478,2,8.16897759506633,4.929115889584478
479,0,0.00897324481828919,
480,1,0.004480122521268721,0.0024105688453718243
481,2,5.348624679523472,3.4440810609491623
482,2,48.76125484472253,
483,2,0.7372948231697907,0.4404905126920953
484,0,,
485,0,53.64158201969241,
486,2,15.940959100084237,8.897360931677152
487,0,0.17206559207550987,
488,2,0.3961557519488985,0.2389803084501312
489,0,20.919325719998728,
490,2,57.05768371821684,34.07074265683869
491,0,,
492,1,2.815005309454971,
493,2,38.483665239620294,23.27308379410104
494,1,13.912688505321123,
495,0,0.022061421591626162,
496,0,0.020876035575477726,
497,0,,
498,2,52.68155940296209,31.754298397318117
499,1,1.0172929314525003,
500,2,3.5385873427279644,2.1391203709288833
501,0,92.42573179187019,
502,2,14.753026604846331,9.340893360335578
503,0,0.2678768678168309,
504,1,0.05255041572985437,0.03198383894877096
505,2,16.08228868954984,9.632289686607036
506,2,42.731192360856795,27.866667655663054
507,0,2.256817093043076,
508,1,0.7821255875399158,0.4881176761590752
509,1,21.47318492195852,
510,2,9.603663914073913,4.623396082220791
511,1,0.0008220059965601105,
512,0,0.0017783336721316017,
513,2,6.580611263009215,3.8752585813289087
514,2,32.56692107523599,16.281646465470217
515,1,0.4865557596250951,
516,2,2.082892571232253,1.2501882058487104
517,0,66.59934086646216,
518,2,10.32126172148665,6.459029438672161
519,0,0.07689730230428016,
520,1,0.16880609884098788,0.09635684012170218
521,2,22.54143289999132,13.817319941379845
522,2,54.62706942731742,34.273908016445176
523,0,4.288270786668028,
524,2,1.636112814984684,0.984714558903285
525,0,,
526,1,18.057083223434077,
527,1,0.014504744893622972,
528,1,0.041968521873560434,0.024441514677630494
529,1,8.346849159465833,
530,1,69.5812678802319,
531,0,1.2624297410003613,
532,2,3.979382873115278,2.4968429119787667
533,0,76.33962338368616,
534,2,23.083832946048503,13.353155408521285
535,0,0.4938896194027696,
536,1,0.15415111168108617,
537,0,,
538,2,46.52417296462284,29.082876592964116
539,0,4.292981772983548,
540,1,1.325569690023778,0.7183614244029388
541,2,30.439337795983533,
542,2,9.83030055303677,6.363699692890091
543,1,0.003457252800610282,
544,1,0.007137615366644506,0.0043896226035405345
545,2,13.203494078903638,7.924383441329109
546,2,23.666976657537205,14.72078084365157
547,2,1.1407080405236796,0.6543431754940572
548,1,6.433297447683357,
549,0,52.68410588205156,
550,2,22.72605263397792,13.13556014472269
551,1,0.14266649098757497,0.09073860315948475
552,2,0.6791332407662883,0.40432938122003204
553,0,,
554,2,143.26491357360052,
555,2,5.819086691303115,3.5357364990338525
556,2,1.4367235022791578,0.8772548449660871
557,2,53.67086652922131,30.990332575643908
558,2,11.650396482235685,7.403260170376332
559,0,0.04722318147468245,
560,1,0.01973775942248449,
561,0,9.247029517593594,
562,2,42.02199793443931,24.173873927481115
563,0,,
564,2,5.22728495091021,3.075992297711469
565,2,49.89698451862628,29.017279987336593
566,1,38.57788496593069,
567,0,0.28614785528378045,
568,1,0.16306378849423228,0.09191840340394582
569,2,13.562547630518953,8.354669184391065
570,2,59.9492107243104,
571,0,1.7430649367424376,
572,2,0.7195203991252876,0.4376056666418559
573,0,29.266684175282453,
574,2,5.471364971635941,3.2333590754715766
575,1,0.0029319905588252385,
576,1,0.00250145733916849,0.001477792760927533
577,2,9.692154062433007,5.670728037603615
578,2,30.50172653367556,19.7014104115205
579,0,0.7013385384264696,
580,1,3.2015608352365668,1.957255661549405
581,2,37.71717503368973,23.549643866602967
582,2,21.538120138740013,11.7212177519603
583,1,0.10685408231280906,0.06716007129166347
584,2,0.6007653467878392,0.3526882914823466
585,0,17.359347952919208,
586,2,83.63655921456336,47.41605875857095
587,2,3.482946774623038,2.1867677690954626
588,2,1.6017353472768345,0.9028268028947857
589,0,49.11266895906943,
590,2,9.164141623231334,5.779034471610007
591,0,0.031911202709697384,
592,1,0.06131921647444544,0.038789302871423646
593,0,12.680065302063012,
594,2,35.66980584575558,21.406923705049365
595,2,2.712891497967211,1.5847860637862088
596,0,11.112962070402974,
597,2,84.97855369471422,49.28520039673884
598,2,39.97462874650517,23.949716707785292
599,0,0.3672150170970683,
600,1,0.26502481123662414,0.14902987978899154
601,2,15.320891441798212,9.60316401170576
602,0,117.40923813866355,
603,2,3.7428149657034844,2.16498631538264
604,2,0.817623506047132,0.5274430626677209
605,0,32.75790700694627,
606,2,8.153953368438456,4.7951408986573165
607,0,0.0147084632207806,
608,1,0.007666137101664073,
609,0,5.993265861022884,
610,2,53.723069350555456,30.416127092919677
611,2,0.8737733699699527,0.5339162565733236
612,2,2.5836576841765924,1.4676722749697033
613,1,81.33581535722692,
614,2,18.162762105647097,11.456034613335957
615,0,0.16101387282720867,
616,2,0.4186029651225795,0.23839364615473238
617,0,28.341039026259985,
618,2,56.52546958851755,
619,0,4.871923793974627,
620,2,2.8638977079728014,1.715552241068438
621,2,37.872510258147415,22.669505890359662
622,2,12.922108139517166,6.85049505922668
623,0,,
624,1,0.03473524801991998,
625,2,10.182478611110517,6.244800846304689
626,2,52.16335090825488,
627,1,1.0613470197003372,
628,2,3.7064003147240587,2.299779473028387
629,0,56.3064723868231,
630,2,14.760666042114742,9.288584029822038
631,1,0.31418459005884875,
632,1,0.06702205639531424,0.04169847688318411
633,0,17.221838082087807,
634,2,45.78569402867645,26.21008409758976
635,0,3.759749051648462,
636,1,0.9378427838610262,0.5567400442098425
637,2,23.87833442196324,14.769181153765468
638,0,9.893198586546687,
639,0,0.0012928092365377423,
640,1,0.002455900828257866,0.0012445126277577214
641,2,5.824943593208896,3.595318072006869
642,0,46.6565898772753,
643,0,0.728725921033723,
644,2,1.9430908692203317,1.2461711360422025
645,0,46.039068698078744,
646,2,14.362142064612634,9.05295062704493
647,0,0.11273899548857497,
648,2,0.26235100819268026,0.1625996091505665
649,0,23.940723159655267,
650,2,47.67390827351869,27.05949640069674
651,2,5.129627477829024,3.100521903415131
652,2,2.7780813626576513,1.5249686499264683
653,2,40.128690731418125,24.082220569581366
654,2,14.500925174988767,8.860985124636766
655,0,0.016451528157523036,
656,2,0.07812470522540485,0.046248490204031836
657,0,9.828263369765194,
658,2,50.14653946939439,29.69220126004148
659,1,1.3450502550582257,
660,2,5.187941848977895,2.9444400790423306
661,0,102.90703972413006,
662,2,19.474198836724312,12.244668097680307
663,0,0.5272102982884889,
664,1,0.1440033925095469,0.08590330562212928
665,0,22.43957373641251,
666,2,62.19902499985743,
667,0,2.4745410551927884,
668,1,1.2323176257673745,
669,0,25.019157054045948,
670,2,13.898682870329035,8.209956397144238
671,1,0.0069175486437324804,
672,1,0.009244470306108674,0.005744008228391166
673,0,10.335649328342157,
674,2,31.676926633466113,18.95244129177616
675,0,1.8591843832222847,
676,2,5.068002683863842,2.96951552585566
677,2,49.243812632177146,30.643678122106508
678,0,31.07977728698532,
679,0,0.19141883315548436,
680,1,0.9908732108992457,0.5278078838987348
681,2,29.27177713346139,
682,2,117.26790854919795,
683,1,5.137012267188488,
684,2,2.097662149951181,1.245358772175716
685,0,44.95426860596439,
686,2,10.30967524162956,6.103250629571666
687,1,0.08732258769657167,
688,1,0.033668273281431904,0.019097151512377928
689,0,12.637666425223332,
690,2,34.08589585210504,21.781279834114763
691,0,1.5900215434652711,
692,1,8.362382681911601,
693,2,64.4322871613229,38.23332540467481
694,2,25.23942749528513,13.767720329091349
695,2,0.2689973186161978,0.17070676724319986
696,0,,
697,0,9.773259421432634,
698,2,84.16877334426266,
699,1,2.532091482614818,
700,2,0.6398919979975507,0.39192585270454605
701,2,40.85825699055137,23.987478100648385
702,2,7.439029364069662,4.618773969800455
703,0,0.0036661659451104273,
704,1,0.0027203399493039115,
705,0,5.828890635797575,
706,2,24.06804711412878,15.072046099804513
707,2,0.9992893242899451,0.5744992864187208
708,1,4.070674148472788,2.2231981070047038
709,2,47.517299809516274,30.139979531015562
710,2,18.474705794107212,11.449979311192376
711,1,0.08127597309862439,0.05036242190346319
712,1,0.39959349871968347,0.22915654653013187
713,2,16.70617606647007,10.50694042416782
714,2,124.73036552089074,73.9173318884605
715,0,4.081242036694091,
716,2,1.278459826868577,0.7895204102630994
717,0,48.146280144615446,
718,2,10.785357535542616,5.7758927322448566
719,0,0.033705197228229226,
720,1,0.043012578300243264,0.027208103812195763
721,2,16.083561929094575,9.653115552495702
722,2,42.74774447493836,26.639987961599363
723,0,2.2103438496602426,
724,1,8.380844655310261,
725,0,57.866190829123674,
726,2,54.75439338179094,
727,2,0.5379437076506062,0.3210535444697152
728,0,0.38432735657830885,
729,0,,
730,2,75.24718385430339,40.18871926746961
731,1,2.7717151649339753,
732,2,0.9435086998350977,0.49342392342521085
733,0,43.02149097705641,
734,2,6.22232165512074,3.9683880843863872
735,0,0.00829310571828256,
736,1,0.009539097936760391,
737,2,7.545726837918469,4.5753190440177125
738,2,40.71947388017524,
739,0,,
740,2,3.3575326794666243,2.068003392715022
741,0,48.42257312582297,
742,2,14.17370261199183,8.759753487889327
743,1,0.21937917355786857,
744,2,0.3237975486215992,0.20399271483863107
745,0,23.488723121274283,
746,2,71.4236455014637,40.89375930313672
747,0,6.1267013653111295,
748,2,1.8542187489978175,0.9962444834182731
749,2,30.641782883596424,
750,2,19.30613121681927,11.160598126413786
751,1,0.03553484245401366,
752,1,0.021623427188237267,
753,2,7.542798386965577,4.596783910450915
754,2,62.2703264143626,32.59846870017531
755,0,,
756,2,2.7950154486026295,1.739227728429894
757,2,71.04549335667734,42.343507127490845
758,2,17.46120711649802,
759,0,0.23927990764207913,
760,1,0.07405415840088653,0.04056549639835514
761,0,20.100632692734013,
762,2,35.98938897148411,23.37782533036318
763,0,2.414444148681289,
764,0,0.8831062158328615,
765,0,,
766,2,9.03108809080651,5.334514262776535
767,1,0.0009091210462108904,
768,1,0.0009299474254441234,0.000591501142926701
769,0,,
770,2,20.723246830109506,13.137332716962073
771,0,0.5139049450460064,
772,0,3.719387358080357,
773,0,47.75921532301596,
774,2,19.87017633513695,10.688315284883751
775,1,0.06617535209806534,0.04140478510705735
776,1,0.34034966270315636,
777,0,14.25518994285488,
778,2,124.48717676784634,
779,2,4.00701217123603,2.429373543517243
780,2,0.8951765267169509,0.526579536648612
781,2,43.24048817875086,26.569311508262988
782,2,8.591438476009458,5.35824140314505
783,0,0.017020666234019655,
784,1,0.029349444745690234,0.017457754457473905
785,0,14.071843448413018,
786,2,39.74799210754231,22.957994211264914
787,0,2.5813658529960692,
788,2,5.518856806654562,3.257470458259441
789,2,49.70472534737128,31.145865106498228
790,2,36.867924257351376,22.627584221513324
791,0,0.32136566109115505,
792,1,0.22788441371669943,0.12478038392718428
793,2,15.532249206224249,9.666582925028617
794,2,67.2639719088139,40.32970221626965
795,2,2.2414108945517803,1.3709762625441395
796,2,0.9291083605841429,0.5673818289811775
797,0,,
798,2,6.408341952606548,3.7965165423946843
799,0,0.006531833456050411,
800,0,0.013645308200926739,
801,0,6.95558030893372,
802,2,47.41926036457166,29.68852689301965
803,2,0.8522174244775864,0.525458151244877
804,2,3.1059405454269555,1.8238134682587195
805,0,86.14611435723637,
806,2,13.302806763392981,8.520356117274593
807,0,0.1996948901962629,
808,2,0.37541467976516274,0.22425515506611116
809,2,32.20277456544173,18.591750872810984
810,2,73.08140338870888,
811,0,5.054124372826228,
812,2,3.053610400138341,1.835795610395337
813,2,38.889828654390804,23.445095151472444
814,2,25.66850922186088,
815,1,0.0615063826875215,
816,1,0.02697739947384863,0.013678327131641846
817,2,7.912419826802195,5.03048316157259
818,2,69.82318339373158,
819,2,1.377390539494499,0.8214319458731142
820,1,3.7071642584509,2.3751829097515547
821,0,67.39384234237689,
822,2,22.566897690886023,13.10577838335607
823,0,0.3584933262156324,
824,1,0.10757091617649497,0.06951860546098552
825,0,14.998761836980217,
826,2,40.65835838202795,23.771441602221383
827,0,,
828,1,1.147647196042486,0.6868209969102048
829,2,26.116689541607656,16.096426003002623
830,2,8.11066322391746,5.00524230450796
831,0,0.0015024990571601761,
832,1,0.004118395166609463,
833,2,5.362121018697664,3.261100926675003
834,2,47.196443444243016,26.15737580668347
835,2,0.7266632729712521,0.4503981035443787
836,2,2.2829185037101465,1.406028010701528
837,1,70.0447270745155,
838,2,16.517736613849266,10.243695497196553
839,0,0.10029562541787825,
840,1,0.3600976080419987,0.18568422239082322
841,0,28.046920691426166,
842,2,58.53209511102016,35.81208473907101
843,0,5.515037088020357,
844,2,2.905023345267747,1.717790912329006
845,0,35.137591716056285,
846,2,13.77899835312393,8.175514381129368
847,1,0.023459438611745372,
848,1,0.1357909974460051,
849,2,14.270468817391702,8.577027401656471
850,2,68.24563959780473,41.13932393458067
851,0,1.750577050056375,
852,2,5.526241596014026,3.374102124091165
853,0,88.93323572066164,
854,2,19.50602982534269,11.400709352091672
855,2,0.6706661977937997,0.39373727380109785
856,0,,
857,0,,
858,2,53.06862422456159,31.209111811127563
859,0,4.8992984441864325,
860,2,1.397380400346841,0.7902158014371227
861,2,27.80627841747122,17.545719476127747
862,2,17.75659869087658,10.491963292449348
863,1,0.01184552044246635,
864,1,0.005794360379344357,0.0034802689114306756
865,2,12.246272589171742,7.188495132650583
866,2,36.982515816377536,
867,0,0.7874604612323561,
868,2,4.251092191961761,2.571362898981675
869,0,36.133265040039184,
870,1,32.92342814776183,
871,1,0.16263088704902234,
872,2,0.7528283456155597,0.43659015788612204
873,2,22.32370893784161,13.065089582875279
874,2,81.69741538793171,44.56164641050399
875,2,3.8926752601188133,2.444438146599593
876,2,1.902219879834333,1.097264661326715
877,0,48.97133936960383,
878,2,9.976723100681314,6.264838419850525
879,0,0.04399424598923408,
880,1,0.017577071915068923,0.010829264805455362
881,0,9.864423372835672,
882,2,27.22950090370619,16.433711710242996
883,0,,
884,1,6.803300859383395,3.6352245888654755
885,2,65.48270978572941,40.983538666124105
886,2,27.980712235099933,17.029220685395508
887,2,0.22142908922489216,0.1331409925056418
888,1,0.1336010254290606,0.07872117040170094
889,2,12.33998301966425,7.660745242496823
890,0,71.56752157001877,
891,0,2.1126863765790556,
892,1,0.49913536632707844,0.3292860238160595
893,0,31.213467439182516,
894,2,6.147582493844786,3.723851926498455
895,0,0.0022877822787710353,
896,1,0.0009228160107540617,0.0006101459252965164
897,0,6.203350385904186,
898,2,25.64941062868985,14.894404866537863
899,0,0.832100239670771,
900,2,3.0273816655167964,1.642373176919686
901,2,40.67109077747531,25.605428442788952
902,0,27.77190094976337,
903,1,0.08907583854967198,
904,1,0.5016818454165487,
905,2,20.068801704115636,12.05199511988214
906,2,84.6984409948725,
907,0,,
908,2,1.134087194891057,0.6731118288580563
909,0,39.187766707858835,
910,2,6.913945375820881,4.005323897325255
911,1,0.01993129183328424,
912,1,0.04090664009325131,0.02406877568153261
913,0,15.925680225547415,
914,2,34.52770997412814,21.302472983441614
915,0,2.0042063673676194,
916,1,8.523447484320599,
917,0,55.53361598316886,
918,2,27.622931923029356,16.64051673220598
919,1,0.30077737765278745,
920,1,0.19577331239847864,0.11880377172012115
921,0,,
922,2,83.26604650704544,39.917692804526695
923,2,3.0146492700694445,1.8684258858259657
924,2,0.7757339250253452,0.4731175523111274
925,2,46.834843413538216,27.40231323428741
926,2,8.794010887576821,5.476001446255988
927,0,0.0047754122364837,
928,1,0.013767539197221314,0.007946172640152446
929,2,7.038722851204926,4.409355176747368
930,0,58.80584161313823,
931,0,0.9410895447001009,
932,2,2.5467337373792724,1.6135506799574209
933,0,67.24105359700867,
934,2,16.22743799764965,9.519064598294916
935,1,0.3200160271737358,
936,2,0.48751068928364644,0.3007229840471048
937,0,21.629793385960944,
938,2,57.300872471261265,34.19794351607547
939,2,7.0193696101249525,4.047531550416614
940,1,4.31984712737746,
941,2,49.683080275110775,30.2754296966035
942,2,19.397804464040203,11.58932950981498
943,0,0.05053360429099388,
944,1,0.05209714245192865,0.03102023740437129
945,0,10.505499483609828,6.096904103264148
946,2,48.8834858410171,27.250019134007683
947,1,1.17522556458145,
948,2,5.041773949242297,2.8844516234109148
949,0,65.95762813591563,
950,2,18.9776354142776,11.992005401437728
951,0,0.3019614904293912,
952,1,0.093215140309606,0.05406696281877584
953,1,22.13017652704186,
954,2,54.479373640128145,34.116056784609334
955,0,2.7396295284066494,
956,2,0.9217999655973631,0.5578574687325388
957,0,21.23381588754831,
958,2,11.704381838932456,6.6732342328876735
959,1,0.002648058140349297,
960,1,0.0026485801685626384,0.0013762021346610765
961,2,5.937243321054537,3.7042634603050675
962,2,32.47906754664927,20.50421788186768
963,2,0.4866703511841212,0.3037250794250837
964,2,2.5180858476227312,1.601251759356126
965,0,44.998831990030126,
966,2,11.626204930885716,7.040319950262377
967,2,0.12817702496848882,0.07490073520640239
968,1,0.24245027410846967,0.15332420758517867
969,0,22.317342740117933,
970,2,67.01187047895635,38.31524930172562
971,0,5.260261855118851,
972,1,1.6865331009561966,1.0387780507368685
973,2,28.528205239336057,18.034622997857326
974,2,17.45866063740855,10.205556967227404
975,0,0.016370040826659986,
976,2,0.07534395005970326,0.046274637899852866
977,0,,
978,0,92.93502760976426,
979,0,,
980,2,4.118038659536937,2.4207772804776613
981,1,93.40867272040575,
982,2,23.568937212592598,14.55380695737793
983,0,0.4756058995403727,
984,1,0.15761432324276578,0.09356285749605094
985,0,25.28144440026139,
986,2,41.536893667895214,26.48873721430033
987,0,3.2917061950038162,
988,2,2.021395101221544,1.2054528416507708
989,2,33.987856407160436,20.016925785165398
990,2,9.954186760739503,5.221878491164113
991,1,0.006273493152423646,
992,1,0.004411342121062129,0.0027067975874560946
993,0,7.275036110707772,
994,2,25.601027525989917,14.25889180432338
995,0,,
996,1,4.968689999374499,2.9286511667828123
997,2,50.93212826849597,31.343167751860587
998,2,20.329815810786343,
999,0,0.09564193488187121,
