,ratio_d,ratio_pitch,ratio_top_diameter
0,0.004,0.25,0.0
1,0.03849999999999999,0.875,0.4
2,0.055749999999999994,0.5625,0.2
3,0.021249999999999998,1.1875,0.6000000000000001
4,0.029874999999999995,0.71875,0.5
5,0.06437499999999999,1.34375,0.1
6,0.047125,0.40625,0.7000000000000001
7,0.012624999999999999,1.03125,0.30000000000000004
8,0.016937499999999998,0.640625,0.75
9,0.0514375,1.265625,0.35000000000000003
10,0.0686875,0.328125,0.55
11,0.034187499999999996,0.953125,0.15000000000000002
12,0.0255625,0.484375,0.25
13,0.06006249999999999,1.109375,0.65
14,0.04281249999999999,0.796875,0.05
15,0.0083125,1.421875,0.45
16,0.010468749999999999,0.8359375,0.375
17,0.04496875,1.4609375,0.775
18,0.06221874999999999,0.5234375,0.17500000000000002
19,0.027718749999999997,1.1484375,0.5750000000000001
20,0.036343749999999994,0.3671875,0.675
21,0.07084375,0.9921875,0.275
22,0.053593749999999996,0.6796875,0.47500000000000003
23,0.01909375,1.3046875,0.07500000000000001
24,0.01478125,0.4453125,0.42500000000000004
25,0.04928125,1.0703125,0.025
26,0.06653125,0.7578125,0.625
27,0.03203125,1.3828125,0.225
28,0.023406249999999997,0.6015625,0.125
29,0.05790624999999999,1.2265625,0.525
30,0.04065624999999999,0.2890625,0.325
31,0.00615625,0.9140625,0.7250000000000001
32,0.0072343749999999995,0.58203125,0.5625
33,0.04173437499999999,1.20703125,0.1625
34,0.05898437499999999,0.26953125,0.7625000000000001
35,0.024484375,0.89453125,0.36250000000000004
36,0.033109374999999996,0.42578125,0.0625
37,0.067609375,1.05078125,0.4625
38,0.050359375,0.73828125,0.2625
39,0.015859375,1.36328125,0.6625000000000001
40,0.020171875,0.34765625,0.21250000000000002
41,0.054671874999999995,0.97265625,0.6125
42,0.071921875,0.66015625,0.0125
43,0.03742187499999999,1.28515625,0.41250000000000003
44,0.028796874999999996,0.81640625,0.7125
45,0.06329687499999999,1.44140625,0.3125
46,0.046046875,0.50390625,0.5125000000000001
47,0.011546874999999998,1.12890625,0.1125
48,0.009390625,0.54296875,0.6375000000000001
49,0.04389062499999999,1.16796875,0.23750000000000002
50,0.06114062499999999,0.85546875,0.4375
51,0.026640624999999998,1.48046875,0.037500000000000006
52,0.035265624999999995,0.69921875,0.3375
53,0.069765625,1.32421875,0.7375
54,0.052515624999999996,0.38671875,0.1375
55,0.018015625,1.01171875,0.5375
56,0.013703124999999998,0.77734375,0.1875
57,0.048203125,1.40234375,0.5875
58,0.06545312499999999,0.46484375,0.3875
59,0.030953124999999998,1.08984375,0.7875000000000001
60,0.022328124999999997,0.30859375,0.48750000000000004
61,0.05682812499999999,0.93359375,0.08750000000000001
62,0.03957812499999999,0.62109375,0.6875
63,0.005078125,1.24609375,0.28750000000000003
64,0.0056171875,0.748046875,0.65625
65,0.0401171875,1.373046875,0.25625000000000003
66,0.0573671875,0.435546875,0.45625000000000004
67,0.022867187499999997,1.060546875,0.05625
68,0.0314921875,0.279296875,0.35625
69,0.0659921875,0.904296875,0.7562500000000001
70,0.04874218749999999,0.591796875,0.15625
71,0.0142421875,1.216796875,0.55625
72,0.0185546875,0.513671875,0.10625000000000001
73,0.05305468749999999,1.138671875,0.50625
74,0.07030468749999999,0.826171875,0.30625
75,0.0358046875,1.451171875,0.70625
76,0.027179687499999997,0.669921875,0.40625
77,0.0616796875,1.294921875,0.00625
78,0.044429687499999995,0.357421875,0.6062500000000001
79,0.0099296875,0.982421875,0.20625000000000002
80,0.0120859375,0.396484375,0.53125
81,0.046585937499999994,1.021484375,0.13125
82,0.0638359375,0.708984375,0.7312500000000001
83,0.029335937499999996,1.333984375,0.33125000000000004
84,0.0379609375,0.865234375,0.03125
85,0.07246093749999999,1.490234375,0.43125
86,0.05521093749999999,0.552734375,0.23125
87,0.0207109375,1.177734375,0.6312500000000001
88,0.016398437499999998,0.630859375,0.28125
89,0.05089843749999999,1.255859375,0.68125
90,0.06814843749999999,0.318359375,0.08125
91,0.033648437499999996,0.943359375,0.48125
92,0.0250234375,0.474609375,0.78125
93,0.0595234375,1.099609375,0.38125000000000003
94,0.0422734375,0.787109375,0.58125
95,0.007773437499999999,1.412109375,0.18125000000000002
96,0.0066953125,0.416015625,0.31875000000000003
97,0.0411953125,1.041015625,0.71875
98,0.0584453125,0.728515625,0.11875000000000001
99,0.023945312499999996,1.353515625,0.51875
100,0.0325703125,0.572265625,0.61875
101,0.06707031249999999,1.197265625,0.21875
102,0.04982031249999999,0.259765625,0.41875
103,0.015320312499999999,0.884765625,0.018750000000000003
104,0.0196328125,0.806640625,0.46875
105,0.05413281249999999,1.431640625,0.06875
106,0.07138281249999999,0.494140625,0.6687500000000001
107,0.0368828125,1.119140625,0.26875
108,0.028257812499999996,0.337890625,0.16875
109,0.0627578125,0.962890625,0.56875
110,0.045507812499999994,0.650390625,0.36875
111,0.011007812499999999,1.275390625,0.76875
112,0.0088515625,0.689453125,0.09375
113,0.043351562499999996,1.314453125,0.49375
114,0.0606015625,0.376953125,0.29375
115,0.026101562499999998,1.001953125,0.6937500000000001
116,0.034726562499999995,0.533203125,0.59375
117,0.06922656249999999,1.158203125,0.19375
118,0.05197656249999999,0.845703125,0.7937500000000001
119,0.0174765625,1.470703125,0.39375000000000004
120,0.013164062499999999,0.298828125,0.74375
121,0.04766406249999999,0.923828125,0.34375
122,0.0649140625,0.611328125,0.5437500000000001
123,0.0304140625,1.236328125,0.14375000000000002
124,0.021789062499999998,0.767578125,0.24375000000000002
125,0.0562890625,1.392578125,0.64375
126,0.0390390625,0.455078125,0.043750000000000004
127,0.0045390625,1.080078125,0.44375000000000003
128,0.0048085937499999995,0.6650390625,0.234375
129,0.039308593749999995,1.2900390625,0.634375
130,0.05655859375,0.3525390625,0.034375
131,0.022058593749999997,0.9775390625,0.434375
132,0.030683593749999998,0.5087890625,0.734375
133,0.06518359374999999,1.1337890625,0.33437500000000003
134,0.04793359374999999,0.8212890625,0.534375
135,0.013433593749999998,1.4462890625,0.134375
136,0.017746093749999997,0.2744140625,0.584375
137,0.05224609375,0.8994140625,0.184375
138,0.06949609375,0.5869140625,0.784375
139,0.03499609375,1.2119140625,0.384375
140,0.026371093749999998,0.7431640625,0.084375
141,0.060871093749999994,1.3681640625,0.484375
142,0.04362109374999999,0.4306640625,0.284375
143,0.00912109375,1.0556640625,0.6843750000000001
144,0.011277343749999998,0.4697265625,0.15937500000000002
145,0.04577734374999999,1.0947265625,0.5593750000000001
146,0.06302734374999999,0.7822265625,0.359375
147,0.028527343749999996,1.4072265625,0.759375
148,0.03715234375,0.6259765625,0.45937500000000003
149,0.07165234375,1.2509765625,0.059375000000000004
150,0.05440234375,0.3134765625,0.659375
151,0.01990234375,0.9384765625,0.259375
152,0.015589843749999999,0.8603515625,0.609375
153,0.05008984375,1.4853515625,0.209375
154,0.06733984375,0.5478515625,0.40937500000000004
155,0.03283984375,1.1728515625,0.009375000000000001
156,0.02421484375,0.3916015625,0.309375
157,0.058714843749999995,1.0166015625,0.7093750000000001
158,0.041464843749999994,0.7041015625,0.109375
159,0.00696484375,1.3291015625,0.509375
160,0.00804296875,0.3330078125,0.796875
161,0.04254296874999999,0.9580078125,0.39687500000000003
162,0.059792968749999995,0.6455078125,0.596875
163,0.02529296875,1.2705078125,0.19687500000000002
164,0.03391796875,0.8017578125,0.296875
165,0.06841796875,1.4267578125,0.696875
166,0.05116796875,0.4892578125,0.096875
167,0.016667968749999998,1.1142578125,0.496875
168,0.020980468749999998,0.5673828125,0.046875
169,0.05548046875,1.1923828125,0.446875
170,0.07273046875,0.2548828125,0.246875
171,0.038230468749999996,0.8798828125,0.6468750000000001
172,0.029605468749999996,0.4111328125,0.546875
173,0.06410546874999999,1.0361328125,0.146875
174,0.04685546874999999,0.7236328125,0.7468750000000001
175,0.01235546875,1.3486328125,0.34687500000000004
176,0.010199218749999999,0.7626953125,0.421875
177,0.04469921874999999,1.3876953125,0.021875000000000002
178,0.06194921874999999,0.4501953125,0.6218750000000001
179,0.027449218749999997,1.0751953125,0.22187500000000002
180,0.03607421875,0.2939453125,0.12187500000000001
181,0.07057421875,0.9189453125,0.521875
182,0.05332421875,0.6064453125,0.321875
183,0.018824218749999996,1.2314453125,0.721875
184,0.01451171875,0.5283203125,0.371875
185,0.04901171874999999,1.1533203125,0.7718750000000001
186,0.06626171874999999,0.8408203125,0.171875
187,0.03176171875,1.4658203125,0.571875
188,0.023136718749999997,0.6845703125,0.671875
189,0.057636718749999996,1.3095703125,0.27187500000000003
190,0.040386718749999995,0.3720703125,0.47187500000000004
191,0.00588671875,0.9970703125,0.07187500000000001
192,0.00534765625,0.4990234375,0.478125
193,0.03984765625,1.1240234375,0.078125
194,0.05709765624999999,0.8115234375,0.6781250000000001
195,0.022597656249999997,1.4365234375,0.278125
196,0.031222656249999998,0.6552734375,0.178125
197,0.06572265625,1.2802734375,0.578125
198,0.048472656249999996,0.3427734375,0.37812500000000004
199,0.013972656249999998,0.9677734375,0.7781250000000001
200,0.018285156249999997,0.7333984375,0.328125
201,0.05278515624999999,1.3583984375,0.728125
202,0.07003515625,0.4208984375,0.12812500000000002
203,0.03553515624999999,1.0458984375,0.5281250000000001
204,0.026910156249999997,0.2646484375,0.628125
205,0.061410156249999986,0.8896484375,0.22812500000000002
206,0.04416015625,0.5771484375,0.42812500000000003
207,0.00966015625,1.2021484375,0.028125
208,0.01181640625,0.6162109375,0.703125
209,0.04631640625,1.2412109375,0.30312500000000003
210,0.06356640625,0.3037109375,0.503125
211,0.029066406249999996,0.9287109375,0.10312500000000001
212,0.03769140624999999,0.4599609375,0.203125
213,0.07219140624999999,1.0849609375,0.603125
214,0.05494140624999999,0.7724609375,0.003125
215,0.02044140625,1.3974609375,0.403125
216,0.01612890625,0.3818359375,0.053125000000000006
217,0.050628906249999994,1.0068359375,0.453125
218,0.06787890625,0.6943359375,0.253125
219,0.03337890624999999,1.3193359375,0.6531250000000001
220,0.02475390625,0.8505859375,0.553125
221,0.05925390624999999,1.4755859375,0.153125
222,0.04200390625,0.5380859375,0.753125
223,0.007503906249999999,1.1630859375,0.353125
224,0.00642578125,0.8310546875,0.140625
225,0.04092578125,1.4560546875,0.540625
226,0.05817578124999999,0.5185546875,0.340625
227,0.023675781249999996,1.1435546875,0.7406250000000001
228,0.032300781249999994,0.3623046875,0.44062500000000004
229,0.06680078125,0.9873046875,0.040625
230,0.049550781249999995,0.6748046875,0.640625
231,0.015050781249999999,1.2998046875,0.240625
232,0.019363281249999996,0.4404296875,0.690625
233,0.05386328124999999,1.0654296875,0.290625
234,0.07111328125,0.7529296875,0.49062500000000003
235,0.03661328124999999,1.3779296875,0.09062500000000001
236,0.027988281249999997,0.5966796875,0.390625
237,0.06248828125,1.2216796875,0.790625
238,0.04523828125,0.2841796875,0.19062500000000002
239,0.010738281249999999,0.9091796875,0.5906250000000001
240,0.00858203125,0.3232421875,0.265625
241,0.04308203125,0.9482421875,0.665625
242,0.06033203124999999,0.6357421875,0.065625
243,0.025832031249999998,1.2607421875,0.465625
244,0.03445703124999999,0.7919921875,0.765625
245,0.06895703125,1.4169921875,0.36562500000000003
246,0.05170703124999999,0.4794921875,0.565625
247,0.017207031249999998,1.1044921875,0.16562500000000002
248,0.012894531249999999,0.7138671875,0.515625
249,0.04739453125,1.3388671875,0.115625
250,0.06464453125,0.4013671875,0.7156250000000001
251,0.03014453125,1.0263671875,0.31562500000000004
252,0.021519531249999998,0.5576171875,0.015625
253,0.05601953124999999,1.1826171875,0.415625
254,0.03876953125,0.8701171875,0.215625
255,0.00426953125,1.4951171875,0.6156250000000001
256,0.004404296875,0.87255859375,0.5421875
257,0.038904296874999994,1.49755859375,0.1421875
258,0.056154296874999995,0.56005859375,0.7421875
259,0.021654296875,1.18505859375,0.34218750000000003
260,0.030279296874999997,0.40380859375,0.0421875
261,0.06477929687499999,1.02880859375,0.4421875
262,0.047529296875,0.71630859375,0.2421875
263,0.013029296874999999,1.34130859375,0.6421875
264,0.017341796875,0.48193359375,0.2921875
265,0.051841796875,1.10693359375,0.6921875000000001
266,0.069091796875,0.79443359375,0.0921875
267,0.034591796875,1.41943359375,0.4921875
268,0.025966796874999996,0.63818359375,0.7921875
269,0.06046679687499999,1.26318359375,0.3921875
270,0.04321679687499999,0.32568359375,0.5921875
271,0.008716796874999998,0.95068359375,0.1921875
272,0.010873046875,0.28662109375,0.6671875
273,0.04537304687499999,0.91162109375,0.2671875
274,0.06262304687499999,0.59912109375,0.46718750000000003
275,0.028123046875,1.22412109375,0.0671875
276,0.036748046874999996,0.75537109375,0.3671875
277,0.071248046875,1.38037109375,0.7671875
278,0.053998046875,0.44287109375,0.16718750000000002
279,0.019498046874999998,1.06787109375,0.5671875000000001
280,0.015185546874999999,0.67724609375,0.1171875
281,0.049685546875,1.30224609375,0.5171875
282,0.066935546875,0.36474609375,0.3171875
283,0.032435546875,0.98974609375,0.7171875000000001
284,0.023810546874999998,0.52099609375,0.41718750000000004
285,0.058310546874999994,1.14599609375,0.0171875
286,0.04106054687499999,0.83349609375,0.6171875
287,0.006560546875,1.45849609375,0.2171875
288,0.007638671874999999,0.54052734375,0.07968750000000001
289,0.04213867187499999,1.16552734375,0.47968750000000004
290,0.05938867187499999,0.85302734375,0.27968750000000003
291,0.024888671874999997,1.47802734375,0.6796875
292,0.033513671875,0.69677734375,0.5796875
293,0.068013671875,1.32177734375,0.1796875
294,0.050763671875,0.38427734375,0.7796875000000001
295,0.016263671874999996,1.00927734375,0.3796875
296,0.020576171874999997,0.77490234375,0.7296875
297,0.055076171874999996,1.39990234375,0.3296875
298,0.072326171875,0.46240234375,0.5296875
299,0.037826171874999995,1.08740234375,0.1296875
300,0.029201171874999998,0.30615234375,0.22968750000000002
301,0.06370117187499999,0.93115234375,0.6296875000000001
302,0.04645117187499999,0.61865234375,0.029687500000000002
303,0.011951171875,1.24365234375,0.4296875
304,0.009794921875,0.57958984375,0.3046875
305,0.04429492187499999,1.20458984375,0.7046875
306,0.06154492187499999,0.26708984375,0.1046875
307,0.027044921875,0.89208984375,0.5046875000000001
308,0.035669921874999996,0.42333984375,0.6046875
309,0.070169921875,1.04833984375,0.20468750000000002
310,0.052919921875,0.73583984375,0.40468750000000003
311,0.018419921875,1.36083984375,0.004687500000000001
312,0.014107421875,0.34521484375,0.4546875
313,0.048607421875,0.97021484375,0.0546875
314,0.06585742187499999,0.65771484375,0.6546875000000001
315,0.031357421875,1.28271484375,0.2546875
316,0.022732421875,0.81396484375,0.1546875
317,0.057232421874999995,1.43896484375,0.5546875
318,0.03998242187499999,0.50146484375,0.35468750000000004
319,0.005482421875,1.12646484375,0.7546875000000001
320,0.006021484375,0.37451171875,0.3984375
321,0.040521484375,0.99951171875,0.7984375
322,0.05777148437499999,0.68701171875,0.19843750000000002
323,0.023271484375,1.31201171875,0.5984375000000001
324,0.03189648437499999,0.84326171875,0.6984375
325,0.066396484375,1.46826171875,0.2984375
326,0.049146484374999994,0.53076171875,0.49843750000000003
327,0.014646484375,1.15576171875,0.09843750000000001
328,0.018958984374999998,0.60888671875,0.44843750000000004
329,0.05345898437499999,1.23388671875,0.0484375
330,0.07070898437499999,0.29638671875,0.6484375
331,0.036208984375,0.92138671875,0.2484375
332,0.027583984375,0.45263671875,0.1484375
333,0.062083984375,1.07763671875,0.5484375
334,0.044833984375,0.76513671875,0.3484375
335,0.010333984374999999,1.39013671875,0.7484375000000001
336,0.012490234375,0.72607421875,0.0234375
337,0.046990234374999995,1.35107421875,0.4234375
338,0.064240234375,0.41357421875,0.2234375
339,0.029740234374999997,1.03857421875,0.6234375000000001
340,0.038365234375,0.25732421875,0.5234375
341,0.07286523437499999,0.88232421875,0.1234375
342,0.05561523437499999,0.56982421875,0.7234375000000001
343,0.021115234374999996,1.19482421875,0.32343750000000004
344,0.016802734374999996,0.49169921875,0.7734375
345,0.05130273437499999,1.11669921875,0.37343750000000003
346,0.068552734375,0.80419921875,0.5734375
347,0.034052734375,1.42919921875,0.17343750000000002
348,0.025427734374999997,0.64794921875,0.2734375
349,0.059927734375,1.27294921875,0.6734375
350,0.042677734375,0.33544921875,0.0734375
351,0.008177734374999999,0.96044921875,0.4734375
352,0.007099609375,0.70654296875,0.6359375
353,0.041599609375,1.33154296875,0.23593750000000002
354,0.058849609375,0.39404296875,0.43593750000000003
355,0.024349609374999998,1.01904296875,0.035937500000000004
356,0.032974609375,0.55029296875,0.3359375
357,0.067474609375,1.17529296875,0.7359375
358,0.05022460937499999,0.86279296875,0.13593750000000002
359,0.015724609374999997,1.48779296875,0.5359375000000001
360,0.020037109374999997,0.31591796875,0.1859375
361,0.05453710937499999,0.94091796875,0.5859375
362,0.07178710937499999,0.62841796875,0.38593750000000004
363,0.037287109375,1.25341796875,0.7859375000000001
364,0.028662109374999998,0.78466796875,0.4859375
365,0.063162109375,1.40966796875,0.0859375
366,0.045912109374999996,0.47216796875,0.6859375000000001
367,0.011412109375,1.09716796875,0.2859375
368,0.009255859375,0.43310546875,0.5609375
369,0.043755859375,1.05810546875,0.1609375
370,0.061005859375,0.74560546875,0.7609375
371,0.026505859374999996,1.37060546875,0.3609375
372,0.035130859375,0.58935546875,0.060937500000000006
373,0.06963085937499999,1.21435546875,0.4609375
374,0.05238085937499999,0.27685546875,0.2609375
375,0.017880859375,0.90185546875,0.6609375000000001
376,0.013568359374999998,0.82373046875,0.2109375
377,0.048068359374999994,1.44873046875,0.6109375
378,0.065318359375,0.51123046875,0.010937500000000001
379,0.030818359374999996,1.13623046875,0.4109375
380,0.022193359375,0.35498046875,0.7109375
381,0.05669335937499999,0.97998046875,0.31093750000000003
382,0.039443359375,0.66748046875,0.5109375
383,0.004943359375,1.29248046875,0.11093750000000001
384,0.004673828125,0.45751953125,0.7203125
385,0.03917382812499999,1.08251953125,0.3203125
386,0.05642382812499999,0.77001953125,0.5203125000000001
387,0.021923828125,1.39501953125,0.1203125
388,0.030548828124999997,0.61376953125,0.22031250000000002
389,0.065048828125,1.23876953125,0.6203125
390,0.047798828125,0.30126953125,0.0203125
391,0.013298828124999999,0.92626953125,0.42031250000000003
392,0.017611328125,0.84814453125,0.0703125
393,0.052111328124999995,1.47314453125,0.4703125
394,0.069361328125,0.53564453125,0.2703125
395,0.03486132812499999,1.16064453125,0.6703125000000001
396,0.026236328124999996,0.37939453125,0.5703125
397,0.06073632812499999,1.00439453125,0.1703125
398,0.043486328125,0.69189453125,0.7703125000000001
399,0.008986328124999998,1.31689453125,0.37031250000000004
400,0.011142578125,0.65283203125,0.49531250000000004
401,0.045642578125,1.27783203125,0.09531250000000001
402,0.06289257812499999,0.34033203125,0.6953125
403,0.028392578124999998,0.96533203125,0.29531250000000003
404,0.03701757812499999,0.49658203125,0.1953125
405,0.071517578125,1.12158203125,0.5953125
406,0.05426757812499999,0.80908203125,0.3953125
407,0.019767578124999997,1.43408203125,0.7953125000000001
408,0.015455078124999999,0.26220703125,0.3453125
409,0.049955078124999996,0.88720703125,0.7453125
410,0.067205078125,0.57470703125,0.1453125
411,0.032705078124999995,1.19970703125,0.5453125
412,0.024080078124999998,0.73095703125,0.6453125000000001
413,0.05858007812499999,1.35595703125,0.24531250000000002
414,0.04133007812499999,0.41845703125,0.4453125
415,0.006830078125,1.04345703125,0.045312500000000006
416,0.007908203124999999,0.78955078125,0.2578125
417,0.042408203125,1.41455078125,0.6578125
418,0.05965820312499999,0.47705078125,0.0578125
419,0.025158203124999997,1.10205078125,0.4578125
420,0.033783203124999994,0.32080078125,0.7578125
421,0.068283203125,0.94580078125,0.35781250000000003
422,0.051033203124999996,0.63330078125,0.5578125
423,0.016533203125,1.25830078125,0.15781250000000002
424,0.020845703124999997,0.55517578125,0.5078125
425,0.05534570312499999,1.18017578125,0.1078125
426,0.072595703125,0.86767578125,0.7078125000000001
427,0.03809570312499999,1.49267578125,0.30781250000000004
428,0.029470703124999997,0.71142578125,0.0078125
429,0.06397070312499999,1.33642578125,0.4078125
430,0.046720703125,0.39892578125,0.2078125
431,0.012220703125,1.02392578125,0.6078125000000001
432,0.010064453125,0.35986328125,0.1328125
433,0.044564453125,0.98486328125,0.5328125
434,0.06181445312499999,0.67236328125,0.3328125
435,0.027314453125,1.29736328125,0.7328125000000001
436,0.03593945312499999,0.82861328125,0.43281250000000004
437,0.070439453125,1.45361328125,0.0328125
438,0.053189453124999994,0.51611328125,0.6328125
439,0.018689453124999998,1.14111328125,0.2328125
440,0.014376953125,0.59423828125,0.6828125
441,0.048876953125,1.21923828125,0.2828125
442,0.066126953125,0.28173828125,0.48281250000000003
443,0.031626953124999996,0.90673828125,0.08281250000000001
444,0.023001953125,0.43798828125,0.3828125
445,0.05750195312499999,1.06298828125,0.7828125
446,0.04025195312499999,0.75048828125,0.18281250000000002
447,0.005751953125,1.37548828125,0.5828125000000001
448,0.005212890625,0.62353515625,0.1640625
449,0.039712890625,1.24853515625,0.5640625
450,0.056962890625,0.31103515625,0.3640625
451,0.022462890625,0.93603515625,0.7640625000000001
452,0.031087890624999996,0.46728515625,0.46406250000000004
453,0.06558789062499999,1.09228515625,0.06406250000000001
454,0.04833789062499999,0.77978515625,0.6640625
455,0.013837890624999998,1.40478515625,0.26406250000000003
456,0.018150390625,0.38916015625,0.6140625000000001
457,0.05265039062499999,1.01416015625,0.21406250000000002
458,0.06990039062499999,0.70166015625,0.4140625
459,0.035400390625,1.32666015625,0.0140625
460,0.026775390624999996,0.85791015625,0.3140625
461,0.061275390624999995,1.48291015625,0.7140625
462,0.044025390624999994,0.54541015625,0.11406250000000001
463,0.009525390625,1.17041015625,0.5140625
464,0.011681640625,0.50634765625,0.2390625
465,0.04618164062499999,1.13134765625,0.6390625000000001
466,0.063431640625,0.81884765625,0.0390625
467,0.028931640624999998,1.44384765625,0.4390625
468,0.037556640625,0.66259765625,0.7390625000000001
469,0.072056640625,1.28759765625,0.33906250000000004
470,0.054806640625,0.35009765625,0.5390625
471,0.020306640624999997,0.97509765625,0.1390625
472,0.015994140625,0.74072265625,0.5890625
473,0.05049414062499999,1.36572265625,0.18906250000000002
474,0.06774414062499999,0.42822265625,0.7890625
475,0.033244140625,1.05322265625,0.38906250000000003
476,0.024619140624999997,0.27197265625,0.0890625
477,0.059119140625,0.89697265625,0.4890625
478,0.041869140624999995,0.58447265625,0.2890625
479,0.007369140624999999,1.20947265625,0.6890625
480,0.006291015625,0.29150390625,0.40156250000000004
481,0.040791015624999996,0.91650390625,0.0015625
482,0.058041015625,0.60400390625,0.6015625
483,0.023541015624999998,1.22900390625,0.2015625
484,0.032166015624999995,0.76025390625,0.1015625
485,0.06666601562499999,1.38525390625,0.5015625
486,0.04941601562499999,0.44775390625,0.3015625
487,0.014916015625,1.07275390625,0.7015625000000001
488,0.019228515624999998,0.68212890625,0.3515625
489,0.053728515625,1.30712890625,0.7515625
490,0.070978515625,0.36962890625,0.15156250000000002
491,0.036478515625,0.99462890625,0.5515625000000001
492,0.027853515625,0.52587890625,0.6515625
493,0.062353515624999994,1.15087890625,0.2515625
494,0.04510351562499999,0.83837890625,0.45156250000000003
495,0.010603515625,1.46337890625,0.051562500000000004
496,0.008447265624999999,0.79931640625,0.7765625
497,0.042947265624999995,1.42431640625,0.3765625
498,0.060197265624999996,0.48681640625,0.5765625
499,0.025697265624999997,1.11181640625,0.1765625
500,0.034322265625,0.33056640625,0.2765625
501,0.06882226562499999,0.95556640625,0.6765625000000001
502,0.05157226562499999,0.64306640625,0.0765625
503,0.017072265625,1.26806640625,0.4765625
504,0.012759765624999999,0.40869140625,0.026562500000000003
505,0.04725976562499999,1.03369140625,0.4265625
506,0.06450976562499999,0.72119140625,0.2265625
507,0.030009765624999997,1.34619140625,0.6265625
508,0.021384765625,0.56494140625,0.5265625
509,0.055884765625,1.18994140625,0.1265625
510,0.038634765625,0.25244140625,0.7265625
511,0.004134765625,0.87744140625,0.32656250000000003
512,0.0042021484375,0.563720703125,0.76328125
513,0.0387021484375,1.188720703125,0.36328125
514,0.05595214843749999,0.251220703125,0.5632812500000001
515,0.0214521484375,0.876220703125,0.16328125000000002
516,0.030077148437499996,0.407470703125,0.26328125
517,0.0645771484375,1.032470703125,0.66328125
518,0.047327148437499994,0.719970703125,0.06328125
519,0.0128271484375,1.344970703125,0.46328125000000003
520,0.0171396484375,0.329345703125,0.013281250000000001
521,0.05163964843749999,0.954345703125,0.41328125000000004
522,0.06888964843749999,0.641845703125,0.21328125
523,0.034389648437499996,1.266845703125,0.61328125
524,0.0257646484375,0.798095703125,0.51328125
525,0.0602646484375,1.423095703125,0.11328125
526,0.0430146484375,0.485595703125,0.7132812500000001
527,0.0085146484375,1.110595703125,0.31328125
528,0.0106708984375,0.524658203125,0.43828125
529,0.045170898437499996,1.149658203125,0.03828125
530,0.0624208984375,0.837158203125,0.63828125
531,0.027920898437499998,1.462158203125,0.23828125
532,0.0365458984375,0.680908203125,0.13828125
533,0.07104589843749999,1.305908203125,0.53828125
534,0.05379589843749999,0.368408203125,0.33828125000000003
535,0.0192958984375,0.993408203125,0.73828125
536,0.014983398437499998,0.759033203125,0.38828125
537,0.04948339843749999,1.384033203125,0.78828125
538,0.0667333984375,0.446533203125,0.18828125
539,0.0322333984375,1.071533203125,0.58828125
540,0.023608398437499997,0.290283203125,0.6882812500000001
541,0.0581083984375,0.915283203125,0.28828125
542,0.0408583984375,0.602783203125,0.48828125
543,0.006358398437499999,1.227783203125,0.08828125
544,0.0074365234375,0.270751953125,0.20078125000000002
545,0.0419365234375,0.895751953125,0.60078125
546,0.0591865234375,0.583251953125,0.00078125
547,0.024686523437499996,1.208251953125,0.40078125000000003
548,0.0333115234375,0.739501953125,0.70078125
549,0.0678115234375,1.364501953125,0.30078125
550,0.05056152343749999,0.427001953125,0.5007812500000001
551,0.0160615234375,1.052001953125,0.10078125
552,0.0203740234375,0.661376953125,0.55078125
553,0.05487402343749999,1.286376953125,0.15078125
554,0.07212402343749999,0.348876953125,0.7507812500000001
555,0.0376240234375,0.973876953125,0.35078125000000004
556,0.028999023437499997,0.505126953125,0.05078125
557,0.0634990234375,1.130126953125,0.45078125
558,0.046249023437499995,0.817626953125,0.25078125
559,0.011749023437499999,1.442626953125,0.6507812500000001
560,0.0095927734375,0.856689453125,0.17578125
561,0.044092773437499996,1.481689453125,0.57578125
562,0.0613427734375,0.544189453125,0.37578125
563,0.0268427734375,1.169189453125,0.7757812500000001
564,0.0354677734375,0.387939453125,0.47578125000000004
565,0.06996777343749999,1.012939453125,0.07578125000000001
566,0.05271777343749999,0.700439453125,0.67578125
567,0.018217773437499998,1.325439453125,0.27578125000000003
568,0.013905273437499999,0.466064453125,0.6257812500000001
569,0.04840527343749999,1.091064453125,0.22578125000000002
570,0.0656552734375,0.778564453125,0.42578125
571,0.031155273437499995,1.403564453125,0.025781250000000002
572,0.022530273437499998,0.622314453125,0.32578125
573,0.05703027343749999,1.247314453125,0.72578125
574,0.0397802734375,0.309814453125,0.12578125
575,0.0052802734375,0.934814453125,0.52578125
576,0.0058193359375,0.436767578125,0.11953125
577,0.04031933593749999,1.061767578125,0.51953125
578,0.057569335937499994,0.749267578125,0.31953125000000004
579,0.023069335937499998,1.374267578125,0.7195312500000001
580,0.0316943359375,0.593017578125,0.41953125
581,0.06619433593749999,1.218017578125,0.01953125
582,0.0489443359375,0.280517578125,0.6195312500000001
583,0.014444335937499999,0.905517578125,0.21953125
584,0.0187568359375,0.827392578125,0.66953125
585,0.0532568359375,1.452392578125,0.26953125
586,0.0705068359375,0.514892578125,0.46953125
587,0.036006835937499995,1.139892578125,0.06953125
588,0.027381835937499998,0.358642578125,0.36953125000000003
589,0.06188183593749999,0.983642578125,0.76953125
590,0.04463183593749999,0.671142578125,0.16953125000000002
591,0.0101318359375,1.296142578125,0.56953125
592,0.012288085937499998,0.710205078125,0.29453125
593,0.0467880859375,1.335205078125,0.69453125
594,0.06403808593749999,0.397705078125,0.09453125000000001
595,0.029538085937499996,1.022705078125,0.49453125000000003
596,0.038163085937499994,0.553955078125,0.79453125
597,0.0726630859375,1.178955078125,0.39453125
598,0.055413085937499995,0.866455078125,0.5945312500000001
599,0.0209130859375,1.491455078125,0.19453125000000002
600,0.0166005859375,0.319580078125,0.54453125
601,0.0511005859375,0.944580078125,0.14453125
602,0.0683505859375,0.632080078125,0.7445312500000001
603,0.0338505859375,1.257080078125,0.34453125
604,0.025225585937499996,0.788330078125,0.04453125
605,0.05972558593749999,1.413330078125,0.44453125000000004
606,0.04247558593749999,0.475830078125,0.24453125
607,0.0079755859375,1.100830078125,0.64453125
608,0.0068974609375,0.729736328125,0.45703125
609,0.04139746093749999,1.354736328125,0.057031250000000006
610,0.05864746093749999,0.417236328125,0.6570312500000001
611,0.024147460937499997,1.042236328125,0.25703125
612,0.0327724609375,0.260986328125,0.15703125
613,0.0672724609375,0.885986328125,0.55703125
614,0.0500224609375,0.573486328125,0.35703125
615,0.0155224609375,1.198486328125,0.75703125
616,0.0198349609375,0.495361328125,0.30703125000000003
617,0.054334960937499996,1.120361328125,0.70703125
618,0.0715849609375,0.807861328125,0.10703125000000001
619,0.037084960937499994,1.432861328125,0.50703125
620,0.028459960937499997,0.651611328125,0.60703125
621,0.06295996093749999,1.276611328125,0.20703125
622,0.0457099609375,0.339111328125,0.40703125
623,0.0112099609375,0.964111328125,0.00703125
624,0.0090537109375,0.378173828125,0.73203125
625,0.04355371093749999,1.003173828125,0.33203125
626,0.06080371093749999,0.690673828125,0.5320312500000001
627,0.0263037109375,1.315673828125,0.13203125000000002
628,0.034928710937499996,0.846923828125,0.23203125000000002
629,0.0694287109375,1.471923828125,0.63203125
630,0.0521787109375,0.534423828125,0.032031250000000004
631,0.017678710937499998,1.159423828125,0.43203125000000003
632,0.0133662109375,0.612548828125,0.08203125
633,0.0478662109375,1.237548828125,0.48203125
634,0.06511621093749999,0.300048828125,0.28203125
635,0.030616210937499996,0.925048828125,0.6820312500000001
636,0.0219912109375,0.456298828125,0.58203125
637,0.056491210937499994,1.081298828125,0.18203125
638,0.03924121093749999,0.768798828125,0.7820312500000001
639,0.0047412109375,1.393798828125,0.38203125000000004
640,0.0050107421875,0.353759765625,0.59765625
641,0.03951074218749999,0.978759765625,0.19765625
642,0.05676074218749999,0.666259765625,0.7976562500000001
643,0.022260742187499998,1.291259765625,0.39765625000000004
644,0.030885742187499995,0.822509765625,0.09765625
645,0.0653857421875,1.447509765625,0.49765625
646,0.0481357421875,0.510009765625,0.29765625
647,0.0136357421875,1.135009765625,0.6976562500000001
648,0.017948242187499998,0.588134765625,0.24765625000000002
649,0.052448242187499994,1.213134765625,0.64765625
650,0.0696982421875,0.275634765625,0.047656250000000004
651,0.03519824218749999,0.900634765625,0.44765625000000003
652,0.0265732421875,0.431884765625,0.74765625
653,0.06107324218749999,1.056884765625,0.34765625
654,0.0438232421875,0.744384765625,0.5476562500000001
655,0.0093232421875,1.369384765625,0.14765625000000002
656,0.011479492187499999,0.783447265625,0.62265625
657,0.0459794921875,1.408447265625,0.22265625
658,0.0632294921875,0.470947265625,0.42265625
659,0.028729492187499997,1.095947265625,0.022656250000000003
660,0.03735449218749999,0.314697265625,0.32265625000000003
661,0.0718544921875,0.939697265625,0.72265625
662,0.05460449218749999,0.627197265625,0.12265625000000001
663,0.0201044921875,1.252197265625,0.52265625
664,0.0157919921875,0.549072265625,0.17265625
665,0.050291992187499995,1.174072265625,0.57265625
666,0.0675419921875,0.861572265625,0.37265625
667,0.033041992187499994,1.486572265625,0.77265625
668,0.024416992187499997,0.705322265625,0.47265625
669,0.05891699218749999,1.330322265625,0.07265625
670,0.0416669921875,0.392822265625,0.6726562500000001
671,0.0071669921874999995,1.017822265625,0.27265625
672,0.0082451171875,0.646728515625,0.03515625
673,0.0427451171875,1.271728515625,0.43515625
674,0.05999511718749999,0.334228515625,0.23515625
675,0.025495117187499996,0.959228515625,0.6351562500000001
676,0.03412011718749999,0.490478515625,0.53515625
677,0.0686201171875,1.115478515625,0.13515625
678,0.051370117187499995,0.802978515625,0.7351562500000001
679,0.0168701171875,1.427978515625,0.33515625000000004
680,0.0211826171875,0.256103515625,0.78515625
681,0.05568261718749999,0.881103515625,0.38515625000000003
682,0.07293261718749999,0.568603515625,0.58515625
683,0.03843261718749999,1.193603515625,0.18515625000000002
684,0.029807617187499996,0.724853515625,0.28515625
685,0.0643076171875,1.349853515625,0.68515625
686,0.0470576171875,0.412353515625,0.08515625
687,0.012557617187499998,1.037353515625,0.48515625
688,0.0104013671875,0.451416015625,0.36015625
689,0.0449013671875,1.076416015625,0.7601562500000001
690,0.06215136718749999,0.763916015625,0.16015625
691,0.027651367187499998,1.388916015625,0.56015625
692,0.03627636718749999,0.607666015625,0.66015625
693,0.0707763671875,1.232666015625,0.26015625000000003
694,0.05352636718749999,0.295166015625,0.46015625000000004
695,0.019026367187499997,0.920166015625,0.06015625
696,0.014713867187499998,0.842041015625,0.41015625
697,0.049213867187499996,1.467041015625,0.01015625
698,0.0664638671875,0.529541015625,0.6101562500000001
699,0.031963867187499995,1.154541015625,0.21015625000000002
700,0.023338867187499997,0.373291015625,0.11015625000000001
701,0.05783886718749999,0.998291015625,0.51015625
702,0.0405888671875,0.685791015625,0.31015625
703,0.0060888671874999994,1.310791015625,0.71015625
704,0.0055498046875,0.812744140625,0.34140625
705,0.040049804687499996,1.437744140625,0.74140625
706,0.0572998046875,0.500244140625,0.14140625
707,0.022799804687499998,1.125244140625,0.54140625
708,0.0314248046875,0.343994140625,0.6414062500000001
709,0.06592480468749999,0.968994140625,0.24140625000000002
710,0.04867480468749999,0.656494140625,0.44140625
711,0.014174804687499999,1.281494140625,0.041406250000000006
712,0.018487304687499997,0.422119140625,0.49140625000000004
713,0.0529873046875,1.047119140625,0.09140625000000001
714,0.0702373046875,0.734619140625,0.69140625
715,0.0357373046875,1.359619140625,0.29140625000000003
716,0.027112304687499998,0.578369140625,0.19140625
717,0.061612304687499994,1.203369140625,0.59140625
718,0.04436230468749999,0.265869140625,0.39140625
719,0.0098623046875,0.890869140625,0.7914062500000001
720,0.012018554687499999,0.304931640625,0.06640625
721,0.04651855468749999,0.929931640625,0.46640625
722,0.06376855468749999,0.617431640625,0.26640625
723,0.029268554687499997,1.242431640625,0.6664062500000001
724,0.0378935546875,0.773681640625,0.56640625
725,0.0723935546875,1.398681640625,0.16640625
726,0.0551435546875,0.461181640625,0.7664062500000001
727,0.0206435546875,1.086181640625,0.36640625000000004
728,0.0163310546875,0.695556640625,0.71640625
729,0.05083105468749999,1.320556640625,0.31640625
730,0.06808105468749999,0.383056640625,0.5164062500000001
731,0.0335810546875,1.008056640625,0.11640625
732,0.024956054687499996,0.539306640625,0.21640625000000002
733,0.059456054687499996,1.164306640625,0.61640625
734,0.042206054687499994,0.851806640625,0.01640625
735,0.0077060546875,1.476806640625,0.41640625000000003
736,0.0066279296875,0.519775390625,0.67890625
737,0.041127929687499995,1.144775390625,0.27890625
738,0.058377929687499996,0.832275390625,0.47890625000000003
739,0.023877929687499997,1.457275390625,0.07890625000000001
740,0.0325029296875,0.676025390625,0.37890625
741,0.06700292968749999,1.301025390625,0.77890625
742,0.04975292968749999,0.363525390625,0.17890625000000002
743,0.015252929687499998,0.988525390625,0.5789062500000001
744,0.019565429687499997,0.754150390625,0.12890625
745,0.0540654296875,1.379150390625,0.52890625
746,0.0713154296875,0.441650390625,0.32890625
747,0.0368154296875,1.066650390625,0.7289062500000001
748,0.028190429687499997,0.285400390625,0.42890625000000004
749,0.0626904296875,0.910400390625,0.02890625
750,0.04544042968749999,0.597900390625,0.62890625
751,0.0109404296875,1.222900390625,0.22890625
752,0.0087841796875,0.636962890625,0.50390625
753,0.04328417968749999,1.261962890625,0.10390625
754,0.060534179687499995,0.324462890625,0.7039062500000001
755,0.0260341796875,0.949462890625,0.30390625000000004
756,0.0346591796875,0.480712890625,0.00390625
757,0.0691591796875,1.105712890625,0.40390625
758,0.0519091796875,0.793212890625,0.20390625
759,0.017409179687499998,1.418212890625,0.6039062500000001
760,0.0130966796875,0.402587890625,0.25390625
761,0.04759667968749999,1.027587890625,0.65390625
762,0.06484667968749999,0.715087890625,0.05390625
763,0.030346679687499996,1.340087890625,0.45390625
764,0.0217216796875,0.871337890625,0.75390625
765,0.0562216796875,1.496337890625,0.35390625000000003
766,0.0389716796875,0.558837890625,0.55390625
767,0.0044716796875,1.183837890625,0.15390625000000002
768,0.0043369140625,0.561279296875,0.28046875
769,0.03883691406249999,1.186279296875,0.6804687500000001
770,0.05608691406249999,0.873779296875,0.08046875
771,0.021586914062499997,1.498779296875,0.48046875
772,0.030211914062499998,0.717529296875,0.78046875
773,0.06471191406249999,1.342529296875,0.38046875
774,0.0474619140625,0.405029296875,0.58046875
775,0.0129619140625,1.030029296875,0.18046875
776,0.0172744140625,0.795654296875,0.53046875
777,0.051774414062499996,1.420654296875,0.13046875
778,0.0690244140625,0.483154296875,0.73046875
779,0.034524414062499995,1.108154296875,0.33046875000000003
780,0.025899414062499997,0.326904296875,0.030468750000000003
781,0.06039941406249999,0.951904296875,0.43046875
782,0.0431494140625,0.639404296875,0.23046875
783,0.0086494140625,1.264404296875,0.63046875
784,0.0108056640625,0.600341796875,0.10546875
785,0.0453056640625,1.225341796875,0.50546875
786,0.06255566406249999,0.287841796875,0.30546875
787,0.028055664062499996,0.912841796875,0.7054687500000001
788,0.03668066406249999,0.444091796875,0.40546875000000004
789,0.0711806640625,1.069091796875,0.0054687500000000005
790,0.053930664062499994,0.756591796875,0.60546875
791,0.0194306640625,1.381591796875,0.20546875
792,0.015118164062499998,0.365966796875,0.65546875
793,0.0496181640625,0.990966796875,0.25546875
794,0.0668681640625,0.678466796875,0.45546875000000003
795,0.032368164062499996,1.303466796875,0.055468750000000004
796,0.0237431640625,0.834716796875,0.35546875
797,0.05824316406249999,1.459716796875,0.75546875
798,0.04099316406249999,0.522216796875,0.15546875000000002
799,0.006493164062499999,1.147216796875,0.5554687500000001
800,0.0075712890625,0.854248046875,0.7429687500000001
801,0.04207128906249999,1.479248046875,0.34296875000000004
802,0.05932128906249999,0.541748046875,0.54296875
803,0.024821289062499998,1.166748046875,0.14296875
804,0.033446289062499995,0.385498046875,0.24296875
805,0.0679462890625,1.010498046875,0.6429687500000001
806,0.0506962890625,0.697998046875,0.04296875
807,0.0161962890625,1.322998046875,0.44296875
808,0.020508789062499998,0.463623046875,0.09296875
809,0.055008789062499994,1.088623046875,0.49296875
810,0.0722587890625,0.776123046875,0.29296875
811,0.03775878906249999,1.401123046875,0.69296875
812,0.0291337890625,0.619873046875,0.59296875
813,0.06363378906249999,1.244873046875,0.19296875000000002
814,0.0463837890625,0.307373046875,0.79296875
815,0.011883789062499999,0.932373046875,0.39296875000000003
816,0.009727539062499999,0.268310546875,0.46796875000000004
817,0.0442275390625,0.893310546875,0.06796875000000001
818,0.06147753906249999,0.580810546875,0.66796875
819,0.026977539062499997,1.205810546875,0.26796875000000003
820,0.035602539062499994,0.737060546875,0.16796875
821,0.0701025390625,1.362060546875,0.56796875
822,0.052852539062499995,0.424560546875,0.36796875
823,0.0183525390625,1.049560546875,0.7679687500000001
824,0.014040039062499999,0.658935546875,0.31796875
825,0.0485400390625,1.283935546875,0.71796875
826,0.06579003906249999,0.346435546875,0.11796875000000001
827,0.0312900390625,0.971435546875,0.51796875
828,0.022665039062499996,0.502685546875,0.6179687500000001
829,0.05716503906249999,1.127685546875,0.21796875000000002
830,0.03991503906249999,0.815185546875,0.41796875
831,0.0054150390625,1.440185546875,0.017968750000000002
832,0.0059541015624999995,0.688232421875,0.43671875000000004
833,0.0404541015625,1.313232421875,0.03671875
834,0.0577041015625,0.375732421875,0.63671875
835,0.0232041015625,1.000732421875,0.23671875
836,0.031829101562499997,0.531982421875,0.13671875
837,0.06632910156249999,1.156982421875,0.53671875
838,0.04907910156249999,0.844482421875,0.33671875
839,0.014579101562499999,1.469482421875,0.7367187500000001
840,0.0188916015625,0.297607421875,0.38671875
841,0.05339160156249999,0.922607421875,0.78671875
842,0.07064160156249999,0.610107421875,0.18671875000000002
843,0.0361416015625,1.235107421875,0.5867187500000001
844,0.027516601562499996,0.766357421875,0.68671875
845,0.062016601562499996,1.391357421875,0.28671875
846,0.044766601562499994,0.453857421875,0.48671875000000003
847,0.010266601562499998,1.078857421875,0.08671875000000001
848,0.012422851562499998,0.414794921875,0.76171875
849,0.04692285156249999,1.039794921875,0.36171875000000003
850,0.0641728515625,0.727294921875,0.56171875
851,0.029672851562499998,1.352294921875,0.16171875000000002
852,0.0382978515625,0.571044921875,0.26171875
853,0.0727978515625,1.196044921875,0.66171875
854,0.0555478515625,0.258544921875,0.06171875
855,0.021047851562499997,0.883544921875,0.46171875
856,0.0167353515625,0.805419921875,0.01171875
857,0.05123535156249999,1.430419921875,0.41171875
858,0.06848535156249999,0.492919921875,0.21171875
859,0.033985351562499995,1.117919921875,0.6117187500000001
860,0.025360351562499998,0.336669921875,0.51171875
861,0.0598603515625,0.961669921875,0.11171875
862,0.042610351562499996,0.649169921875,0.7117187500000001
863,0.0081103515625,1.274169921875,0.31171875000000004
864,0.0070322265625,0.395263671875,0.19921875
865,0.041532226562499996,1.020263671875,0.59921875
866,0.0587822265625,0.707763671875,0.39921875
867,0.0242822265625,1.332763671875,0.7992187500000001
868,0.032907226562499996,0.864013671875,0.49921875000000004
869,0.06740722656249999,1.489013671875,0.09921875000000001
870,0.05015722656249999,0.551513671875,0.69921875
871,0.0156572265625,1.176513671875,0.29921875000000003
872,0.019969726562499998,0.629638671875,0.6492187500000001
873,0.0544697265625,1.254638671875,0.24921875000000002
874,0.0717197265625,0.317138671875,0.44921875
875,0.0372197265625,0.942138671875,0.049218750000000006
876,0.0285947265625,0.473388671875,0.34921875
877,0.0630947265625,1.098388671875,0.74921875
878,0.04584472656249999,0.785888671875,0.14921875
879,0.011344726562499999,1.410888671875,0.54921875
880,0.009188476562499999,0.746826171875,0.22421875000000002
881,0.043688476562499995,1.371826171875,0.62421875
882,0.060938476562499996,0.434326171875,0.02421875
883,0.026438476562499997,1.059326171875,0.42421875000000003
884,0.0350634765625,0.278076171875,0.72421875
885,0.06956347656249999,0.903076171875,0.32421875
886,0.05231347656249999,0.590576171875,0.5242187500000001
887,0.0178134765625,1.215576171875,0.12421875
888,0.0135009765625,0.512451171875,0.57421875
889,0.04800097656249999,1.137451171875,0.17421875
890,0.0652509765625,0.824951171875,0.7742187500000001
891,0.030750976562499997,1.449951171875,0.37421875000000004
892,0.022125976562499997,0.668701171875,0.07421875
893,0.0566259765625,1.293701171875,0.47421875
894,0.0393759765625,0.356201171875,0.27421875
895,0.0048759765625,0.981201171875,0.6742187500000001
896,0.0046064453125,0.771240234375,0.05859375
897,0.0391064453125,1.396240234375,0.45859375
898,0.05635644531249999,0.458740234375,0.25859375
899,0.021856445312499997,1.083740234375,0.6585937500000001
900,0.030481445312499997,0.302490234375,0.55859375
901,0.0649814453125,0.927490234375,0.15859375
902,0.047731445312499995,0.614990234375,0.7585937500000001
903,0.0132314453125,1.239990234375,0.35859375000000004
904,0.017543945312499996,0.536865234375,0.70859375
905,0.05204394531249999,1.161865234375,0.30859375
906,0.0692939453125,0.849365234375,0.5085937500000001
907,0.0347939453125,1.474365234375,0.10859375
908,0.026168945312499997,0.693115234375,0.20859375000000002
909,0.0606689453125,1.318115234375,0.60859375
910,0.0434189453125,0.380615234375,0.00859375
911,0.0089189453125,1.005615234375,0.40859375000000003
912,0.0110751953125,0.341552734375,0.33359375
913,0.0455751953125,0.966552734375,0.73359375
914,0.0628251953125,0.654052734375,0.13359375
915,0.028325195312499996,1.279052734375,0.53359375
916,0.03695019531249999,0.810302734375,0.6335937500000001
917,0.07145019531249999,1.435302734375,0.23359375000000002
918,0.05420019531249999,0.497802734375,0.43359375
919,0.0197001953125,1.122802734375,0.03359375
920,0.015387695312499998,0.575927734375,0.48359375000000004
921,0.049887695312499994,1.200927734375,0.08359375000000001
922,0.0671376953125,0.263427734375,0.68359375
923,0.03263769531249999,0.888427734375,0.28359375000000003
924,0.0240126953125,0.419677734375,0.18359375
925,0.05851269531249999,1.044677734375,0.58359375
926,0.0412626953125,0.732177734375,0.38359375
927,0.0067626953125,1.357177734375,0.7835937500000001
928,0.0078408203125,0.478271484375,0.52109375
929,0.0423408203125,1.103271484375,0.12109375
930,0.05959082031249999,0.790771484375,0.7210937500000001
931,0.025090820312499998,1.415771484375,0.32109375
932,0.03371582031249999,0.634521484375,0.02109375
933,0.0682158203125,1.259521484375,0.42109375000000004
934,0.05096582031249999,0.322021484375,0.22109375
935,0.016465820312499997,0.947021484375,0.62109375
936,0.020778320312499998,0.868896484375,0.27109375
937,0.05527832031249999,1.493896484375,0.67109375
938,0.07252832031249999,0.556396484375,0.07109375
939,0.0380283203125,1.181396484375,0.47109375000000003
940,0.029403320312499998,0.400146484375,0.77109375
941,0.0639033203125,1.025146484375,0.37109375
942,0.046653320312499996,0.712646484375,0.5710937500000001
943,0.012153320312499999,1.337646484375,0.17109375000000002
944,0.009997070312499998,0.673583984375,0.6960937500000001
945,0.0444970703125,1.298583984375,0.29609375
946,0.0617470703125,0.361083984375,0.49609375
947,0.027247070312499996,0.986083984375,0.09609375
948,0.03587207031249999,0.517333984375,0.39609375
949,0.07037207031249999,1.142333984375,0.79609375
950,0.05312207031249999,0.829833984375,0.19609375
951,0.0186220703125,1.454833984375,0.59609375
952,0.014309570312499999,0.282958984375,0.14609375
953,0.048809570312499995,0.907958984375,0.54609375
954,0.0660595703125,0.595458984375,0.34609375000000003
955,0.03155957031249999,1.220458984375,0.74609375
956,0.0229345703125,0.751708984375,0.44609375
957,0.05743457031249999,1.376708984375,0.04609375
958,0.0401845703125,0.439208984375,0.64609375
959,0.0056845703125,1.064208984375,0.24609375
960,0.0051455078125,0.312255859375,0.6023437500000001
961,0.039645507812499994,0.937255859375,0.20234375000000002
962,0.056895507812499996,0.624755859375,0.40234375
963,0.022395507812499996,1.249755859375,0.0023437500000000003
964,0.031020507812499997,0.781005859375,0.30234375
965,0.06552050781249999,1.406005859375,0.70234375
966,0.04827050781249999,0.468505859375,0.10234375000000001
967,0.013770507812499999,1.093505859375,0.50234375
968,0.018083007812499996,0.702880859375,0.15234375
969,0.0525830078125,1.327880859375,0.55234375
970,0.0698330078125,0.390380859375,0.35234375
971,0.0353330078125,1.015380859375,0.7523437500000001
972,0.026708007812499997,0.546630859375,0.45234375000000004
973,0.06120800781249999,1.171630859375,0.05234375
974,0.04395800781249999,0.859130859375,0.65234375
975,0.009458007812499999,1.484130859375,0.25234375000000003
976,0.011614257812499999,0.820068359375,0.57734375
977,0.04611425781249999,1.445068359375,0.17734375000000002
978,0.06336425781249999,0.507568359375,0.77734375
979,0.0288642578125,1.132568359375,0.37734375000000003
980,0.037489257812499996,0.351318359375,0.07734375
981,0.0719892578125,0.976318359375,0.47734375
982,0.0547392578125,0.663818359375,0.27734375
983,0.020239257812499998,1.288818359375,0.67734375
984,0.015926757812499998,0.429443359375,0.22734375
985,0.0504267578125,1.054443359375,0.6273437500000001
986,0.0676767578125,0.741943359375,0.02734375
987,0.0331767578125,1.366943359375,0.42734375
988,0.0245517578125,0.585693359375,0.7273437500000001
989,0.059051757812499994,1.210693359375,0.32734375000000004
990,0.04180175781249999,0.273193359375,0.52734375
991,0.0073017578125,0.898193359375,0.12734375
992,0.006223632812499999,0.605224609375,0.36484375
993,0.040723632812499994,1.230224609375,0.76484375
994,0.057973632812499995,0.292724609375,0.16484375
995,0.0234736328125,0.917724609375,0.56484375
996,0.0320986328125,0.448974609375,0.6648437500000001
997,0.0665986328125,1.073974609375,0.26484375
998,0.0493486328125,0.761474609375,0.46484375
999,0.014848632812499998,1.386474609375,0.06484375
